{"cameraMode":{"drawMode":0,"name":"Shaded","section":"Shading Mode"},"sceneLighting":false,"audioPlay":false,"sceneViewState":{"m_AlwaysRefresh":false,"showFog":true,"showSkybox":false,"showFlares":true,"showImageEffects":true,"showParticleSystems":true,"showVisualEffectGraphs":true,"m_FxEnabled":true},"in2DMode":false,"pivot":{"x":-0.08228754997253418,"y":0.8692612648010254,"z":-0.011351466178894043},"rotation":{"x":0.2735777497291565,"y":-0.16489474475383759,"z":0.04766583815217018,"w":0.9464114308357239},"size":1.9538627862930298,"orthographic":true}