{"cameraMode":{"drawMode":0,"name":"Shaded","section":"Shading Mode"},"sceneLighting":false,"audioPlay":false,"sceneViewState":{"m_AlwaysRefresh":false,"showFog":true,"showSkybox":false,"showFlares":true,"showImageEffects":true,"showParticleSystems":true,"showVisualEffectGraphs":true,"m_FxEnabled":true},"in2DMode":false,"pivot":{"x":0.0022031068801879884,"y":0.4398757517337799,"z":-0.0986129641532898},"rotation":{"x":0.03299397975206375,"y":-0.0014991837088018656,"z":0.000049490925448480994,"w":0.9994545578956604},"size":2.0860183238983156,"orthographic":true}