{"cameraMode":{"drawMode":0,"name":"Shaded","section":"Shading Mode"},"sceneLighting":false,"audioPlay":false,"sceneViewState":{"m_AlwaysRefresh":false,"showFog":true,"showSkybox":false,"showFlares":true,"showImageEffects":true,"showParticleSystems":true,"showVisualEffectGraphs":true,"m_FxEnabled":true},"in2DMode":false,"pivot":{"x":-0.20809608697891236,"y":1.2761077880859376,"z":-0.25637203454971316},"rotation":{"x":0.04087228700518608,"y":-0.7831130623817444,"z":0.05176108703017235,"w":0.6183854937553406},"size":1.959030032157898,"orthographic":true}