{"cameraMode":{"drawMode":0,"name":"Shaded","section":"Shading Mode"},"sceneLighting":false,"audioPlay":false,"sceneViewState":{"m_AlwaysRefresh":false,"showFog":true,"showSkybox":false,"showFlares":true,"showImageEffects":true,"showParticleSystems":true,"showVisualEffectGraphs":true,"m_FxEnabled":true},"in2DMode":false,"pivot":{"x":0.010618828237056733,"y":1.6709507703781129,"z":0.0008203983306884766},"rotation":{"x":0.013247823342680931,"y":0.9852946996688843,"z":-0.14438070356845857,"w":0.09040692448616028},"size":1.5990394353866578,"orthographic":true}